<?xml version="1.0" encoding="UTF-8"?>
<beans xmlns="http://www.springframework.org/schema/beans"
    xmlns:xsi="http://www.w3.org/2001/XMLSchema-instance"
    xmlns:context="http://www.springframework.org/schema/context"
    xsi:schemaLocation="http://www.springframework.org/schema/beans
        https://www.springframework.org/schema/beans/spring-beans.xsd
        http://www.springframework.org/schema/context
        https://www.springframework.org/schema/context/spring-context.xsd">
	
	<context:annotation-config/>
	
	<bean id="message" class="com.yash.beanPostProcessorDemo.Message">
		<property name="messageId" value="101"></property>
		<property name="message" value="Welcome to Spring Framework!!"></property>
	</bean>
	
	<bean class="com.yash.beanPostProcessorDemo.MyBeanPostProcessor"></bean>
</beans>