<?xml version="1.0" encoding="UTF-8"?>
<!DOCTYPE hibernate-configuration PUBLIC    
        "-//Hibernate/Hibernate Configuration DTD 5.3//EN"    
        "http://www.hibernate.org/dtd/hibernate-configuration-5.3.dtd">
      
<hibernate-configuration>
	<session-factory>
		<property name="dialect">org.hibernate.dialect.MySQLDialect</property>
		<property name="connection.url">jdbc:mysql://localhost:3306/springjdbc</property>
		<property name="connection.username">root</property>
		<property name="connection.password">root</property>
		<property name="connection.driver_class">com.mysql.cj.jdbc.Driver</property>
		<property name="hbm2ddl.auto">update</property>
		<property name="show_sql">true</property>
		<mapping class="com.yash.hibernateMapping.Student1" />
		<mapping class="com.yash.hibernateMapping.Laptop" />

	</session-factory>
</hibernate-configuration>