<?xml version="1.0" encoding="UTF-8"?>
<beans xmlns="http://www.springframework.org/schema/beans"
	xmlns:xsi="http://www.w3.org/2001/XMLSchema-instance"
	xsi:schemaLocation="http://www.springframework.org/schema/beans
        http://www.springframework.org/schema/beans/spring-beans.xsd">

	<bean id="myCollection" class="com.yash.collectionInjectionDemo.MyCollection">
		<property name="myList">
			<list>
				<value>Wings Of Fire</value>
				<value>The Geeta</value>
				<value>The Geeta</value>
				<value>The Ramayana</value>
			</list>
		</property>
		<property name="mySet">
			<set>
				<value>Mi</value>
				<value>RCB</value>
			</set>
		</property>
		<property name="myMap">
			<map>
				<entry key="0" value="GujratTitanse" />
				<entry key="1" value="Lucknow Supergients" />
			</map>
		</property>
		<property name="myProp">
			<props>
				<prop key="propKeyA">RR</prop>
				<prop key="propKeyB">Kings11</prop>
			</props>
		</property>
		<property name="bookList">
			<list>
				<ref bean="book1" />
				<ref bean="book2" />
			</list>
		</property>
	</bean>
	<bean id="book1" class="com.yash.collectionInjectionDemo.Book">
		<property name="bookId" value="100" />
		<property name="bookName" value="Godan" />
	</bean>
	<bean id="book2" class="com.yash.collectionInjectionDemo.Book">
		<property name="bookId" value="200" />
		<property name="bookName" value="Nirmla" />
	</bean>
</beans> 